cycle,completed_ts_ms,completed_received_at_ms,events_at_completion,trust_received_at_ms,trust_update_events
1,1790625446525,1790625446526,101586,1790625452823,2
2,1790635819414,1790635819414,104835,1790635831800,2
3,1790674685693,1790674685693,108063,1790674706109,2
4,1790690218191,1790690218191,111282,1790690238858,2
5,1790703261890,1790703261890,114500,1790703284777,2
6,1790715523939,1790715523939,117697,1790715556156,2
7,1790728587047,1790728587047,120905,1790728625468,2
8,1790742560361,1790742560362,124094,1790742605099,2
9,1790757551302,1790757551303,127288,1790757600443,2
10,1790773577053,1790773577054,130510,1790773633412,2
