id,label,category,reason
S001,not hack,,
S002,not hack,,
S003,not hack,,
S004,not hack,,
S005,not hack,,
S006,not hack,,
S007,not hack,,
S008,not hack,,
S009,not hack,,
S010,not hack,,
S011,hack,,
S012,not hack,,
S013,not hack,,
S014,not hack,,
S015,hack,,
S016,not hack,,
S017,not hack,,
S018,not hack,,
S019,not hack,,
S020,not hack,,
S021,hack,,
S022,not hack,,
S023,not hack,,
S024,not hack,,
S025,not hack,,
S026,not hack,,
S027,not hack,,
S028,not hack,,
S029,not hack,,
S030,not hack,,
S031,not hack,,
S032,not hack,,
S033,not hack,,
S034,not hack,,
S035,not hack,,
S036,hack,,
S037,not hack,,
S038,not hack,,
S039,not hack,,
S040,not hack,,
S041,not hack,,
S042,not hack,,
S043,not hack,,
S044,not hack,,
S045,not hack,,
S046,not hack,,
S047,not hack,,
S048,hack,,
S049,not hack,,
S050,not hack,,
